Top pages,Clicks,Impressions,CTR,Position
https://fitoriatileandmarble.com/,16,253,6.32%,2.55
https://fitoriatileandmarble.com/services/large-format-slabs/miami-beach,4,74,5.41%,15.51
http://www.fitoriatileandmarble.com/,2,222,0.9%,26.81
https://fitoriatileandmarble.com/services/waterproofing,2,65,3.08%,2.62
https://fitoriatileandmarble.com/services/large-format-slabs,1,207,0.48%,11.4
https://fitoriatileandmarble.com/services/marble-stone,1,131,0.76%,4.15
https://fitoriatileandmarble.com/services/sound-control,1,112,0.89%,9.19
https://fitoriatileandmarble.com/services/epoxy-flooring,1,89,1.12%,16.89
https://fitoriatileandmarble.com/services/sound-control/key-biscayne,1,9,11.11%,27.67
https://fitoriatileandmarble.com/cost/marble-installation,0,176,0%,7.03
https://fitoriatileandmarble.com/services/large-format-slabs/coral-gables,0,93,0%,8.46
https://fitoriatileandmarble.com/services/large-format-slabs/brickell,0,91,0%,6.69
https://fitoriatileandmarble.com/about,0,90,0%,22.51
https://fitoriatileandmarble.com/services/epoxy-flooring/aventura,0,78,0%,12.86
https://fitoriatileandmarble.com/cost/epoxy-flooring,0,76,0%,11.79
https://fitoriatileandmarble.com/services/large-format-slabs/aventura,0,75,0%,8.61
https://fitoriatileandmarble.com/services/floor-prep-leveling,0,68,0%,5.09
https://fitoriatileandmarble.com/services/epoxy-flooring/doral,0,62,0%,25.13
https://fitoriatileandmarble.com/blog/tile-installation-cost-miami,0,58,0%,4.71
https://fitoriatileandmarble.com/contact,0,58,0%,53.09
https://fitoriatileandmarble.com/services/custom-renovations,0,55,0%,2.49
https://fitoriatileandmarble.com/services/epoxy-flooring/the-hammocks,0,37,0%,5.59
https://fitoriatileandmarble.com/cost/floor-leveling,0,36,0%,8.5
https://fitoriatileandmarble.com/services/epoxy-flooring/key-biscayne,0,32,0%,9.72
https://fitoriatileandmarble.com/services/epoxy-flooring/palmetto-bay,0,32,0%,13.72
https://fitoriatileandmarble.com/#contact,0,31,0%,16.23
https://fitoriatileandmarble.com/services/large-format-slabs/pinecrest,0,30,0%,12.03
https://fitoriatileandmarble.com/cost/kitchen-backsplash,0,29,0%,9.17
https://fitoriatileandmarble.com/cost/bathroom-remodel,0,27,0%,17.15
https://fitoriatileandmarble.com/services/marble-stone/key-biscayne,0,25,0%,7.12
https://fitoriatileandmarble.com/services/tile-installation,0,24,0%,9.71
https://fitoriatileandmarble.com/services/epoxy-flooring/pinecrest,0,23,0%,9.48
https://fitoriatileandmarble.com/services/tile-installation/south-miami,0,22,0%,9.27
https://fitoriatileandmarble.com/services/epoxy-flooring/west-kendall,0,17,0%,6.88
https://fitoriatileandmarble.com/condo/kitchen-remodel/key-biscayne,0,15,0%,27
https://fitoriatileandmarble.com/services/marble-stone/aventura,0,13,0%,14.38
https://fitoriatileandmarble.com/condo/kitchen-remodel/north-miami-beach,0,12,0%,8.58
https://fitoriatileandmarble.com/services/bathroom-remodeling/doral,0,12,0%,22.42
https://fitoriatileandmarble.com/blog/best-tile-contractor-miami,0,11,0%,4.91
https://fitoriatileandmarble.com/condo/soundproof-flooring/aventura,0,11,0%,37.27
https://fitoriatileandmarble.com/blog/luxury-tile-installation-miami,0,9,0%,5
https://fitoriatileandmarble.com/services/custom-renovations/miami-beach,0,9,0%,7.67
https://fitoriatileandmarble.com/condo/soundproof-flooring/hallandale,0,9,0%,8.11
https://fitoriatileandmarble.com/services/marble-polishing/west-kendall,0,9,0%,25.11
https://fitoriatileandmarble.com/condo/tile-installation/brickell,0,8,0%,7.5
https://fitoriatileandmarble.com/services/marble-stone/sunny-isles-beach,0,8,0%,8.12
https://fitoriatileandmarble.com/faq,0,8,0%,9.12
https://fitoriatileandmarble.com/condo/bathroom-remodel/downtown-miami,0,8,0%,11
https://fitoriatileandmarble.com/services/epoxy-flooring/kendall,0,7,0%,19.86
https://fitoriatileandmarble.com/condo/tile-installation/miami-beach,0,6,0%,5.33
https://fitoriatileandmarble.com/services/marble-stone/brickell,0,6,0%,10
https://fitoriatileandmarble.com/services/tile-installation/aventura,0,6,0%,32.17
https://www.fitoriatileandmarble.com/services/waterproofing/brickell,0,5,0%,9.2
https://fitoriatileandmarble.com/condo/bathroom-remodel/hallandale,0,4,0%,6.25
https://fitoriatileandmarble.com/condo/flooring/doral,0,4,0%,6.75
https://fitoriatileandmarble.com/condo/bathroom-remodel/brickell,0,4,0%,8.25
https://fitoriatileandmarble.com/services/tile-installation/key-biscayne,0,4,0%,25.25
https://fitoriatileandmarble.com/services/tile-installation/pinecrest,0,4,0%,29.75
https://fitoriatileandmarble.com/services/tile-contractor,0,3,0%,3.33
https://fitoriatileandmarble.com/services/sound-control/miami-beach,0,3,0%,5.33
https://fitoriatileandmarble.com/condo/tile-installation/downtown-miami,0,3,0%,5.67
https://fitoriatileandmarble.com/services/waterproofing/palmetto-bay,0,3,0%,6.33
https://fitoriatileandmarble.com/condo/kitchen-remodel/hallandale,0,3,0%,11.67
https://fitoriatileandmarble.com/condo/bathroom-remodel/aventura,0,3,0%,14.67
https://fitoriatileandmarble.com/condo/kitchen-remodel/doral,0,3,0%,51
https://fitoriatileandmarble.com/services/floor-prep-leveling/miami-beach,0,2,0%,2.5
https://fitoriatileandmarble.com/condo/flooring/edgewater,0,2,0%,3.5
https://fitoriatileandmarble.com/condo/tile-installation/coconut-grove,0,2,0%,3.5
https://fitoriatileandmarble.com/services/waterproofing/miami-beach,0,2,0%,3.5
https://fitoriatileandmarble.com/blog/best-tile-humid-climate-miami,0,2,0%,4.5
https://fitoriatileandmarble.com/services/sound-control/doral,0,2,0%,4.5
https://fitoriatileandmarble.com/services/large-format-slabs/kendall,0,2,0%,5.5
https://fitoriatileandmarble.com/services/floor-prep-leveling/kendall,0,2,0%,7
https://fitoriatileandmarble.com/services/sound-control/south-miami,0,2,0%,7
https://fitoriatileandmarble.com/condo/flooring/hallandale,0,2,0%,8
https://fitoriatileandmarble.com/services/sound-control/aventura,0,2,0%,9
https://fitoriatileandmarble.com/services/tile-installation/west-kendall,0,2,0%,9
https://fitoriatileandmarble.com/condo/flooring/sunny-isles-beach,0,2,0%,9.5
https://fitoriatileandmarble.com/services/epoxy-flooring/sunny-isles-beach,0,2,0%,10
https://fitoriatileandmarble.com/services/waterproofing/sunny-isles-beach,0,2,0%,10.5
https://www.fitoriatileandmarble.com/services/epoxy-flooring/coral-gables,0,2,0%,15
https://fitoriatileandmarble.com/condo/kitchen-remodel/coconut-grove,0,2,0%,16.5
https://fitoriatileandmarble.com/services/custom-renovations/pinecrest,0,1,0%,1
https://fitoriatileandmarble.com/condo/soundproof-flooring/downtown-miami,0,1,0%,2
https://fitoriatileandmarble.com/services/sound-control/brickell,0,1,0%,2
https://fitoriatileandmarble.com/services/marble-stone/kendall,0,1,0%,4
https://fitoriatileandmarble.com/condo/kitchen-remodel/downtown-miami,0,1,0%,6
https://fitoriatileandmarble.com/services/floor-prep-leveling/south-miami,0,1,0%,6
https://fitoriatileandmarble.com/services/marble-stone/south-miami,0,1,0%,7
https://fitoriatileandmarble.com/services/custom-renovations/cocoplum,0,1,0%,8
https://fitoriatileandmarble.com/services/marble-stone/coral-gables,0,1,0%,8
https://fitoriatileandmarble.com/condo/kitchen-remodel/miami-beach,0,1,0%,9
https://fitoriatileandmarble.com/condo/kitchen-remodel/coral-gables,0,1,0%,10
https://fitoriatileandmarble.com/services/waterproofing/coral-gables,0,1,0%,10
https://fitoriatileandmarble.com/services/bathroom-remodeling/south-miami,0,1,0%,11
https://fitoriatileandmarble.com/services/tile-installation/sunny-isles-beach,0,1,0%,11
https://fitoriatileandmarble.com/condo/flooring/coconut-grove,0,1,0%,12
https://fitoriatileandmarble.com/services/custom-renovations/palmetto-bay,0,1,0%,12
https://fitoriatileandmarble.com/services/sound-control/coconut-grove,0,1,0%,12
https://fitoriatileandmarble.com/condo/flooring/brickell,0,1,0%,13
https://fitoriatileandmarble.com/services/bathroom-remodeling/aventura,0,1,0%,16
https://fitoriatileandmarble.com/services/epoxy-flooring/miami-beach,0,1,0%,18
https://fitoriatileandmarble.com/condo/bathroom-remodel/coconut-grove,0,1,0%,20
https://fitoriatileandmarble.com/services/sound-control/the-hammocks,0,1,0%,27