Top queries,Clicks,Impressions,CTR,Position
fitoria tile and marble,4,24,16.67%,1
epoxy flooring installers aventura,0,92,0%,17.12
large format porcelain tiles miami,0,76,0%,21.03
epoxy flooring installers doral,0,62,0%,25.13
epoxy flooring installers in key biscayne,0,46,0%,16.15
epoxy flooring installers in the hammocks,0,37,0%,5.59
porcelain slab installation miami,0,33,0%,19.15
epoxy flooring installers in palmetto bay,0,32,0%,13.72
epoxy flooring installers in pinecrest,0,29,0%,15.07
marine stone sealing key biscayne,0,25,0%,7.12
epoxy flooring installers kendall,0,22,0%,9.68
residential marble sealing aventura,0,10,0%,14.3
fitoria,0,4,0%,10.75
key biscayne remodeling,0,4,0%,61.25
residential stone sealing sunny isles,0,3,0%,7.67
marble sealing aventura,0,3,0%,14.67
self-leveling concrete glenvar heights,0,3,0%,45
doral remodeling,0,3,0%,51
tile west kendall fl,0,2,0%,9
epoxy flooring installers in sunny isles beach,0,2,0%,10
kitchen backsplash miami florida,0,2,0%,22
marble flooring installation cost,0,2,0%,67.5
marble tile installation cost,0,2,0%,69
epoxy flooring coral gables fl,0,2,0%,85.5
how much does epoxy flooring cost in miami,0,2,0%,89.5
general contractor in miami 33183,0,2,0%,116
tile work,0,1,0%,1
miami tile vs luxury home builders,0,1,0%,2
"""carrara marble"" ""per square foot"" installed or installation cost",0,1,0%,3
porcelain slabs installation,0,1,0%,3
stone sealing sunny isles,0,1,0%,9
replacing cracked tile,0,1,0%,12
tile installers near me,0,1,0%,14
commercial marble sealing aventura,0,1,0%,18
tiles in pinecrest,0,1,0%,18
floor preparation,0,1,0%,19
luxury bathroom aventura,0,1,0%,20
tiles near me,0,1,0%,20
tile repair,0,1,0%,21
soundproofing miami,0,1,0%,24
soundproofing service miami,0,1,0%,24
soundproofing services miami,0,1,0%,24
soundproofing company miami,0,1,0%,25
sound control subflooring contractor,0,1,0%,34
marble flooring doral,0,1,0%,35
epoxy workshop for special needs in miami,0,1,0%,52
marble countertop restoration in kendall fl,0,1,0%,53
marble countertop restoration service near me in kendall fl,0,1,0%,55
acoustical flooring contractor,0,1,0%,58
countertop polishing and restoration in kendall fl,0,1,0%,62
local flooring company,0,1,0%,68
acoustical floor contractor,0,1,0%,84
cost to level floors,0,1,0%,84
kitchen backsplash prices,0,1,0%,85
tile and marble installation,0,1,0%,89
general contractor in miami 33186,0,1,0%,121
"co""info * com"" -india in inurl:contact",0,1,0%,144
"service""info * com"" -india in inurl:contact",0,1,0%,163